cosine_sim,levenshtein,jaccard,token_overlap,length_diff,brand_match,model_in_title,label
0.75950104,0.28387096774193543,0.125,0.3,0.3333333333333333,0,0,0
0.747165084,0.38926174496644295,0.09090909090909091,0.2857142857142857,0.3978494623655914,0,0,0
0.745211959,0.4125,0.125,0.3,0.27956989247311825,0,0,0
0.737988472,0.3829787234042553,0.18181818181818182,0.4444444444444444,0.4838709677419355,1,0,0
0.727530718,0.41333333333333333,0.15,0.5,0.3870967741935484,1,0,0
0.746258378,0.32061068702290074,0.09523809523809523,0.2857142857142857,0.5113636363636364,1,0,0
0.743495107,0.31818181818181823,0.09523809523809523,0.2857142857142857,0.5,1,0,0
0.743495107,0.31818181818181823,0.09523809523809523,0.2857142857142857,0.5,1,0,0
0.737111628,0.36111111111111116,0.04,0.1,0.36363636363636365,0,0,0
0.734911799,0.37037037037037035,0.09090909090909091,0.25,0.4659090909090909,1,0,0
0.881614685,0.38983050847457623,0.1388888888888889,0.3333333333333333,0.525,1,0,0
0.877589881,0.39148936170212767,0.1388888888888889,0.3333333333333333,0.53125,1,0,0
0.877589881,0.39148936170212767,0.1388888888888889,0.3333333333333333,0.53125,1,0,0
0.83348155,0.3732057416267942,0.1724137931034483,0.625,0.69375,1,0,0
0.780908823,0.3317972350230415,0.12121212121212122,0.36363636363636365,0.64375,1,0,0
0.893673122,0.3931623931623932,0.1388888888888889,0.3333333333333333,0.5189873417721519,1,0,0
0.887572289,0.3948497854077253,0.1388888888888889,0.3333333333333333,0.5253164556962026,1,0,0
0.887572289,0.3948497854077253,0.1388888888888889,0.3333333333333333,0.5253164556962026,1,0,0
0.850542486,0.37681159420289856,0.1724137931034483,0.625,0.689873417721519,1,0,0
0.776365876,0.33488372093023255,0.12121212121212122,0.36363636363636365,0.6392405063291139,1,0,0
0.784043372,0.4,0.1,0.4,0.5393258426966292,1,0,0
0.784043372,0.4,0.1,0.4,0.5393258426966292,1,0,0
0.783271968,0.30534351145038163,0.08333333333333333,0.2222222222222222,0.5280898876404494,0,0,0
0.783220947,0.3382352941176471,0.09090909090909091,0.2857142857142857,0.47191011235955055,0,0,0
0.782793522,0.304635761589404,0.08,0.2,0.30337078651685395,0,0,0
0.815847516,0.3851851851851852,0.15,0.2727272727272727,0.2692307692307692,1,0,0
0.815847456,0.3851851851851852,0.15,0.2727272727272727,0.2692307692307692,1,0,0
0.802066565,0.5271317829457365,0.23529411764705882,0.4444444444444444,0.34615384615384615,1,0,0
0.785840154,0.4375,0.16666666666666666,0.3333333333333333,0.358974358974359,1,0,0
0.777099073,0.4,0.12,0.1875,0.10344827586206896,0,0,0
0.765379429,0.4193548387096774,0.1111111111111111,0.25,0.32432432432432434,0,0,0
0.748917222,0.43333333333333335,0.16666666666666666,0.3333333333333333,0.3783783783783784,0,0,0
0.748917222,0.43333333333333335,0.16666666666666666,0.3333333333333333,0.3783783783783784,0,0,0
0.748325408,0.43333333333333335,0.16666666666666666,0.3333333333333333,0.3783783783783784,0,0,0
0.740926981,0.41666666666666663,0.10526315789473684,0.2222222222222222,0.3783783783783784,0,0,0
0.772135019,0.4032258064516129,0.1111111111111111,0.25,0.32432432432432434,0,0,0
0.763235033,0.41666666666666663,0.16666666666666666,0.3333333333333333,0.3783783783783784,0,0,0
0.763234973,0.41666666666666663,0.16666666666666666,0.3333333333333333,0.3783783783783784,0,0,0
0.757029474,0.41666666666666663,0.16666666666666666,0.3333333333333333,0.3783783783783784,0,0,0
0.755527973,0.41666666666666663,0.23529411764705882,0.4444444444444444,0.3783783783783784,0,0,0
0.763125539,0.422360248447205,0.13043478260869565,0.2727272727272727,0.26881720430107525,1,0,0
0.744255424,0.4675324675324676,0.14285714285714285,0.3333333333333333,0.34408602150537637,1,0,0
0.741748691,0.3493975903614458,0.13043478260869565,0.2727272727272727,0.21505376344086022,1,0,0
0.733038545,0.3647798742138365,0.08695652173913043,0.2,0.2903225806451613,0,0,0
0.729018688,0.3262411347517731,0.045454545454545456,0.125,0.4838709677419355,0,0,0
0.776164174,0.4347826086956522,0.13043478260869565,0.2727272727272727,0.26881720430107525,1,0,0
0.748228133,0.3493975903614458,0.08333333333333333,0.18181818181818182,0.21505376344086022,1,0,0
0.740892708,0.4415584415584416,0.14285714285714285,0.3333333333333333,0.34408602150537637,1,0,0
0.735111058,0.37735849056603776,0.13636363636363635,0.3,0.2903225806451613,0,0,0
0.72493875,0.3258426966292135,0.04,0.09090909090909091,0.08602150537634409,0,0,0
0.542871892,0.4067796610169492,0.058823529411764705,0.2,0.4473684210526316,1,0,0
0.542871892,0.4067796610169492,0.058823529411764705,0.2,0.4473684210526316,1,0,0
0.542871892,0.4067796610169492,0.058823529411764705,0.2,0.4473684210526316,1,0,0
0.541962922,0.4067796610169492,0.058823529411764705,0.2,0.4473684210526316,1,0,0
0.541962922,0.4067796610169492,0.058823529411764705,0.2,0.4473684210526316,1,0,0
0.542871892,0.4067796610169492,0.058823529411764705,0.2,0.4473684210526316,1,0,0
0.542871892,0.4067796610169492,0.058823529411764705,0.2,0.4473684210526316,1,0,0
0.542871892,0.4067796610169492,0.058823529411764705,0.2,0.4473684210526316,1,0,0
0.541962922,0.4067796610169492,0.058823529411764705,0.2,0.4473684210526316,1,0,0
0.541962922,0.4067796610169492,0.058823529411764705,0.2,0.4473684210526316,1,0,0
0.787688851,0.3550295857988166,0.08333333333333333,0.25,0.44954128440366975,1,0,0
0.771333814,0.3466666666666667,0.09090909090909091,0.3333333333333333,0.6238532110091743,1,0,0
0.768694043,0.4022346368715084,0.1111111111111111,0.25,0.3577981651376147,1,0,0
0.768160641,0.37569060773480667,0.08,0.2222222222222222,0.3394495412844037,1,0,0
0.768160641,0.37569060773480667,0.08,0.2222222222222222,0.3394495412844037,1,0,0
0.801624954,0.46073298429319376,0.2,0.4444444444444444,0.4214876033057851,1,0,0
0.792647719,0.4455958549222798,0.2,0.4444444444444444,0.4049586776859504,1,0,0
0.792647719,0.4455958549222798,0.2,0.4444444444444444,0.4049586776859504,1,0,0
0.792391002,0.5376344086021505,0.21052631578947367,0.5,0.4628099173553719,1,0,0
0.792153835,0.504950495049505,0.2,0.4444444444444444,0.3305785123966942,1,0,0
0.583304524,0.28,0.030303030303030304,0.125,0.6842105263157895,1,0,0
0.570880353,0.3253588516746412,0.06060606060606061,0.2222222222222222,0.625,1,0,0
0.569455504,0.32407407407407407,0.030303030303030304,0.125,0.5789473684210527,1,0,0
0.568319082,0.3188405797101449,0.03125,0.14285714285714285,0.6381578947368421,1,0,0
0.567290187,0.3253588516746412,0.06060606060606061,0.2222222222222222,0.625,1,0,0
0.5941149,0.29670329670329665,0.03333333333333333,0.125,0.6417910447761194,1,0,0
0.592016935,0.356020942408377,0.06666666666666667,0.2222222222222222,0.5746268656716418,1,0,0
0.587196767,0.3492063492063492,0.034482758620689655,0.14285714285714285,0.5895522388059702,1,0,0
0.585850656,0.3535353535353535,0.03333333333333333,0.125,0.5223880597014925,1,0,0
0.585549891,0.356020942408377,0.06666666666666667,0.2222222222222222,0.5746268656716418,1,0,0
0.809547305,0.4526315789473684,0.2,0.4444444444444444,0.4166666666666667,1,0,0
0.805910528,0.44791666666666663,0.2,0.4444444444444444,0.4,1,0,0
0.805910528,0.44791666666666663,0.2,0.4444444444444444,0.4,1,0,0
0.80306226,0.5405405405405406,0.21052631578947367,0.5,0.4583333333333333,1,0,0
0.802684963,0.49751243781094523,0.2,0.4444444444444444,0.325,1,0,0
0.661774755,0.29585798816568043,0.13043478260869565,0.375,0.6260162601626016,0,0,0
0.648085952,0.29585798816568043,0.13043478260869565,0.375,0.6260162601626016,0,0,0
0.645770073,0.27710843373493976,0.13636363636363635,0.42857142857142855,0.6504065040650406,0,0,0
0.644758344,0.32748538011695905,0.13043478260869565,0.375,0.6097560975609756,0,0,0
0.641308129,0.27710843373493976,0.13636363636363635,0.42857142857142855,0.6504065040650406,0,0,0
0.753624499,0.29714285714285715,0.17391304347826086,0.5,0.6434108527131783,1,0,0
0.745776176,0.3548387096774194,0.16666666666666666,0.4444444444444444,0.5581395348837209,1,0,0
0.741547048,0.2857142857142857,0.17391304347826086,0.5,0.6434108527131783,1,0,0
0.734758139,0.2857142857142857,0.17391304347826086,0.5,0.6434108527131783,1,0,0
0.734653711,0.3548387096774194,0.16666666666666666,0.4444444444444444,0.5581395348837209,1,0,0
0.769972742,0.4387755102040817,0.2,0.5714285714285714,0.6197183098591549,1,0,0
0.769972742,0.4387755102040817,0.2,0.5714285714285714,0.6197183098591549,1,0,0
0.765309215,0.4387755102040817,0.2,0.5714285714285714,0.6197183098591549,1,0,0
0.765309215,0.4387755102040817,0.2,0.5714285714285714,0.6197183098591549,1,0,0
0.763654232,0.48309178743961356,0.19047619047619047,0.5,0.5422535211267606,1,0,0
0.723934591,0.45614035087719296,0.13333333333333333,0.2222222222222222,0.0,1,0,0
0.723934591,0.45614035087719296,0.13333333333333333,0.2222222222222222,0.0,1,0,0
0.712189078,0.4464285714285714,0.15384615384615385,0.2857142857142857,0.03508771929824561,1,0,0
0.712189078,0.4464285714285714,0.15384615384615385,0.2857142857142857,0.03508771929824561,1,0,0
0.712189078,0.4464285714285714,0.15384615384615385,0.2857142857142857,0.03508771929824561,1,0,0
0.521682978,0.3711340206185567,0.10344827586206896,0.3,0.47244094488188976,0,0,0
0.5062778,0.32369942196531787,0.07407407407407407,0.2857142857142857,0.6377952755905512,0,0,0
0.502532005,0.2808988764044944,0.038461538461538464,0.2,0.5984251968503937,0,0,0
0.496223718,0.327683615819209,0.037037037037037035,0.16666666666666666,0.6062992125984252,0,0,0
0.496216536,0.32369942196531787,0.037037037037037035,0.16666666666666666,0.6377952755905512,0,0,0
0.808377862,0.43434343434343436,0.19047619047619047,0.4444444444444444,0.42857142857142855,1,0,0
0.808377862,0.43434343434343436,0.19047619047619047,0.4444444444444444,0.42857142857142855,1,0,0
0.807977259,0.4387755102040817,0.19047619047619047,0.4444444444444444,0.4444444444444444,1,0,0
0.807781041,0.5235602094240838,0.2,0.5,0.48412698412698413,1,0,0
0.80585444,0.48309178743961356,0.19047619047619047,0.4444444444444444,0.35714285714285715,1,0,0
0.623566151,0.38655462184873945,0.06666666666666667,0.16666666666666666,0.1111111111111111,1,0,0
0.616094232,0.39639639639639634,0.0625,0.14285714285714285,0.23809523809523808,1,0,0
0.616046071,0.38596491228070173,0.0625,0.14285714285714285,0.19047619047619047,1,0,0
0.615193546,0.45360824742268047,0.08333333333333333,0.3333333333333333,0.4603174603174603,1,0,0
0.613685846,0.4329896907216495,0.08333333333333333,0.3333333333333333,0.4603174603174603,1,0,0
0.61644423,0.30687830687830686,0.03225806451612903,0.125,0.6595744680851063,1,0,0
0.596983969,0.35121951219512193,0.03225806451612903,0.125,0.5460992907801419,1,0,0
0.595615864,0.33507853403141363,0.03225806451612903,0.125,0.6453900709219859,1,0,0
0.583628356,0.33673469387755106,0.03333333333333333,0.14285714285714285,0.6099290780141844,1,0,0
0.583515644,0.34693877551020413,0.03333333333333333,0.14285714285714285,0.6099290780141844,1,0,0
0.682361007,0.42944785276073616,0.17647058823529413,0.42857142857142855,0.49074074074074076,1,0,0
0.678439617,0.4242424242424242,0.15789473684210525,0.3333333333333333,0.4722222222222222,1,0,0
0.678100467,0.4049079754601227,0.17647058823529413,0.42857142857142855,0.49074074074074076,1,0,0
0.672634482,0.4545454545454546,0.17647058823529413,0.42857142857142855,0.5740740740740741,1,0,0
0.672049522,0.4171779141104295,0.17647058823529413,0.42857142857142855,0.49074074074074076,1,0,0
0.651094019,0.41666666666666663,0.15789473684210525,0.42857142857142855,0.5132743362831859,1,0,0
0.649281502,0.44025157232704404,0.15789473684210525,0.42857142857142855,0.5929203539823009,1,0,0
0.645967126,0.4117647058823529,0.14285714285714285,0.3333333333333333,0.49557522123893805,1,0,0
0.64536643,0.44171779141104295,0.14285714285714285,0.3333333333333333,0.5575221238938053,1,0,0
0.645365596,0.4276729559748428,0.15789473684210525,0.42857142857142855,0.5929203539823009,1,0,0
0.585146189,0.3221476510067114,0.041666666666666664,0.14285714285714285,0.5943396226415094,0,0,0
0.560117781,0.32432432432432434,0.041666666666666664,0.14285714285714285,0.6037735849056604,0,0,0
0.548075557,0.3132530120481928,0.0,0.0,0.4339622641509434,0,0,0
0.548075557,0.3132530120481928,0.0,0.0,0.4339622641509434,0,0,0
0.54511404,0.21212121212121215,0.0,0.0,0.7547169811320755,0,0,0
0.613561571,0.36904761904761907,0.10526315789473684,0.3333333333333333,0.6,0,0,0
0.608481169,0.40963855421686746,0.1,0.2857142857142857,0.6166666666666667,0,0,0
0.608090639,0.4,0.1,0.2857142857142857,0.625,0,0,0
0.607226372,0.3375,0.11764705882352941,0.5,0.6666666666666666,0,0,0
0.607040405,0.38787878787878793,0.1,0.2857142857142857,0.625,0,0,0
0.616225898,0.38596491228070173,0.0625,0.14285714285714285,0.19047619047619047,1,0,0
0.611207366,0.38655462184873945,0.06666666666666667,0.16666666666666666,0.1111111111111111,1,0,0
0.610145867,0.3783783783783784,0.0625,0.14285714285714285,0.23809523809523808,1,0,0
0.608096182,0.4,0.06666666666666667,0.16666666666666666,0.25396825396825395,1,0,0
0.606866241,0.3833333333333333,0.05555555555555555,0.1111111111111111,0.09523809523809523,1,0,0
0.775930703,0.4854368932038835,0.19047619047619047,0.5,0.5390070921985816,1,0,0
0.775376797,0.403755868544601,0.18181818181818182,0.4444444444444444,0.48936170212765956,1,0,0
0.775376797,0.403755868544601,0.18181818181818182,0.4444444444444444,0.48936170212765956,1,0,0
0.775339365,0.45128205128205123,0.2,0.5714285714285714,0.6170212765957447,1,0,0
0.775339365,0.45128205128205123,0.2,0.5714285714285714,0.6170212765957447,1,0,0
0.621688664,0.3615819209039548,0.17647058823529413,0.5,0.584,1,0,0
0.620979309,0.4093567251461988,0.16666666666666666,0.42857142857142855,0.632,1,0,0
0.620710135,0.39766081871345027,0.16666666666666666,0.42857142857142855,0.632,1,0,0
0.620646894,0.38888888888888884,0.16666666666666666,0.42857142857142855,0.56,1,0,0
0.619930029,0.35928143712574845,0.17647058823529413,0.5,0.664,1,0,0
0.637321949,0.275,0.047619047619047616,0.1,0.3157894736842105,0,0,0
0.632047892,0.29333333333333333,0.0,0.0,0.42105263157894735,0,0,0
0.632047892,0.29333333333333333,0.0,0.0,0.42105263157894735,0,0,0
0.619522274,0.26027397260273977,0.0,0.0,0.4631578947368421,0,0,0
0.619522274,0.26027397260273977,0.0,0.0,0.4631578947368421,0,0,0
0.517942429,0.3711340206185567,0.10344827586206896,0.3,0.47244094488188976,0,0,0
0.498680264,0.32369942196531787,0.07407407407407407,0.2857142857142857,0.6377952755905512,0,0,0
0.497137189,0.2808988764044944,0.038461538461538464,0.2,0.5984251968503937,0,0,0
0.49038741,0.327683615819209,0.037037037037037035,0.16666666666666666,0.6062992125984252,0,0,0
0.489479661,0.32369942196531787,0.037037037037037035,0.16666666666666666,0.6377952755905512,0,0,0
0.636529088,0.41666666666666663,0.15789473684210525,0.42857142857142855,0.5132743362831859,1,0,0
0.634729683,0.44025157232704404,0.15789473684210525,0.42857142857142855,0.5929203539823009,1,0,0
0.633336663,0.4117647058823529,0.14285714285714285,0.3333333333333333,0.49557522123893805,1,0,0
0.633124232,0.44171779141104295,0.14285714285714285,0.3333333333333333,0.5575221238938053,1,0,0
0.63308692,0.4276729559748428,0.15789473684210525,0.42857142857142855,0.5929203539823009,1,0,0
0.730226159,0.29585798816568043,0.17391304347826086,0.5,0.6260162601626016,1,0,0
0.728808761,0.29585798816568043,0.17391304347826086,0.5,0.6260162601626016,1,0,0
0.717882395,0.28915662650602414,0.18181818181818182,0.5714285714285714,0.6504065040650406,1,0,0
0.715701461,0.32748538011695905,0.17391304347826086,0.5,0.6097560975609756,1,0,0
0.713979423,0.29585798816568043,0.17391304347826086,0.5,0.6260162601626016,1,0,0
0.696923137,0.4320987654320988,0.17647058823529413,0.42857142857142855,0.48598130841121495,1,0,0
0.692799091,0.4575163398692811,0.17647058823529413,0.42857142857142855,0.5700934579439252,1,0,0
0.690265059,0.4285714285714286,0.1875,0.5,0.5607476635514018,1,0,0
0.688835919,0.4342105263157895,0.17647058823529413,0.42857142857142855,0.5794392523364486,1,0,0
0.688244343,0.4473684210526315,0.17647058823529413,0.42857142857142855,0.5794392523364486,1,0,0
0.522232294,0.38095238095238093,0.10714285714285714,0.3,0.45081967213114754,0,0,0
0.519053996,0.2890173410404624,0.04,0.2,0.5819672131147541,0,0,0
0.510217071,0.2890173410404624,0.04,0.2,0.5819672131147541,0,0,0
0.506762028,0.33720930232558144,0.038461538461538464,0.16666666666666666,0.5901639344262295,0,0,0
0.504205287,0.33333333333333337,0.038461538461538464,0.16666666666666666,0.6229508196721312,0,0,0
0.670222223,0.4117647058823529,0.14285714285714285,0.3333333333333333,0.49557522123893805,1,0,0
0.670070529,0.41666666666666663,0.15789473684210525,0.42857142857142855,0.5132743362831859,1,0,0
0.669142604,0.4276729559748428,0.15789473684210525,0.42857142857142855,0.5929203539823009,1,0,0
0.668088019,0.44025157232704404,0.15789473684210525,0.42857142857142855,0.5929203539823009,1,0,0
0.665913463,0.4025157232704403,0.15789473684210525,0.42857142857142855,0.5929203539823009,1,0,0
0.675105214,0.41666666666666663,0.15789473684210525,0.42857142857142855,0.5132743362831859,1,0,0
0.672565579,0.44025157232704404,0.15789473684210525,0.42857142857142855,0.5929203539823009,1,0,0
0.67087698,0.4117647058823529,0.14285714285714285,0.3333333333333333,0.49557522123893805,1,0,0
0.670002818,0.4276729559748428,0.15789473684210525,0.42857142857142855,0.5929203539823009,1,0,0
0.665667474,0.430379746835443,0.15789473684210525,0.42857142857142855,0.6017699115044248,1,0,0
0.592770338,0.4057971014492754,0.0,0.0,0.4666666666666667,0,0,0
0.577454567,0.4057971014492754,0.0,0.0,0.4666666666666667,0,0,0
0.522590876,0.3943661971830986,0.0,0.0,0.48936170212765956,0,0,0
0.516932011,0.4057971014492754,0.0,0.0,0.4666666666666667,0,0,0
0.483212352,0.2222222222222222,0.0,0.0,0.6363636363636364,0,0,0
0.574109375,0.25,0.0,0.0,0.5882352941176471,0,0,0
0.573400021,0.2407407407407407,0.0,0.0,0.65,0,0,0
0.569467843,0.28915662650602414,0.0,0.0,0.4909090909090909,0,0,0
0.557994604,0.29729729729729726,0.0,0.0,0.391304347826087,0,0,0
0.557994485,0.29729729729729726,0.0,0.0,0.391304347826087,0,0,0
0.651134729,0.3855421686746988,0.09090909090909091,0.14285714285714285,0.37254901960784315,1,0,0
0.648390532,0.4,0.09090909090909091,0.14285714285714285,0.3333333333333333,1,0,0
0.63802731,0.4,0.09090909090909091,0.14285714285714285,0.3333333333333333,1,0,0
0.637183368,0.40506329113924056,0.1,0.16666666666666666,0.3191489361702128,1,0,0
0.635126233,0.3855421686746988,0.09090909090909091,0.14285714285714285,0.37254901960784315,1,0,0
0.659956932,0.2764227642276422,0.0,0.0,0.4625,0,0,0
0.644486248,0.2857142857142857,0.0,0.0,0.21818181818181817,0,0,0
0.630577862,0.2921348314606742,0.0,0.0,0.06521739130434782,0,0,0
0.628502488,0.25225225225225223,0.0,0.0,0.36764705882352944,0,0,0
0.619191408,0.3943661971830986,0.07692307692307693,0.2,0.3488372093023256,1,0,0
0.591679037,0.30188679245283023,0.07142857142857142,0.14285714285714285,0.463768115942029,0,0,0
0.574855685,0.30188679245283023,0.07142857142857142,0.14285714285714285,0.463768115942029,0,0,0
0.565130651,0.38636363636363635,0.07142857142857142,0.14285714285714285,0.27450980392156865,0,0,0
0.559397876,0.3076923076923077,0.07142857142857142,0.14285714285714285,0.3148148148148148,0,0,0
0.555733204,0.3168316831683168,0.07142857142857142,0.14285714285714285,0.421875,0,0,0
0.825681508,0.44680851063829785,0.125,0.2222222222222222,0.12,1,0,0
0.819587111,0.5098039215686274,0.1111111111111111,0.18181818181818182,0.038461538461538464,0,0,0
0.812337518,0.3789473684210526,0.058823529411764705,0.1111111111111111,0.1,0,0,0
0.81147635,0.5544554455445545,0.11764705882352941,0.2,0.0196078431372549,0,0,0
0.809888124,0.5,0.13333333333333333,0.25,0.16,0,0,0
0.73010838,0.3950617283950617,0.07142857142857142,0.2,0.4716981132075472,1,0,0
0.725862741,0.41975308641975306,0.07142857142857142,0.2,0.4716981132075472,1,0,0
0.719922543,0.4285714285714286,0.18181818181818182,0.25,0.39080459770114945,1,0,0
0.701475859,0.3008849557522124,0.05555555555555555,0.1111111111111111,0.11666666666666667,0,0,0
0.700658321,0.4576271186440678,0.11764705882352941,0.2222222222222222,0.18461538461538463,0,0,0
0.702740192,0.32558139534883723,0.07142857142857142,0.1111111111111111,0.3137254901960784,1,0,0
0.686911464,0.38636363636363635,0.06666666666666667,0.1,0.33962264150943394,1,0,0
0.684075952,0.3414634146341463,0.07692307692307693,0.125,0.2553191489361702,1,0,0
0.680690646,0.46153846153846156,0.2222222222222222,0.4,0.14285714285714285,1,1,1
0.668517709,0.4307692307692308,0.1,0.2,0.14285714285714285,1,0,0
0.762348533,0.3764705882352941,0.23076923076923078,0.375,0.2653061224489796,1,0,0
0.726005256,0.36036036036036034,0.15,0.2,0.52,1,0,0
0.726005256,0.36036036036036034,0.15,0.2,0.52,1,0,0
0.721790552,0.3571428571428571,0.15,0.2,0.5263157894736842,1,0,0
0.61559844,0.3448275862068966,0.13333333333333333,0.2222222222222222,0.29411764705882354,1,0,0
0.639744639,0.32432432432432434,0.0,0.0,0.391304347826087,0,0,0
0.627474666,0.28915662650602414,0.0,0.0,0.4909090909090909,0,0,0
0.627415657,0.28915662650602414,0.0,0.0,0.4909090909090909,0,0,0
0.627093375,0.28915662650602414,0.0,0.0,0.4909090909090909,0,0,0
0.625791907,0.23404255319148937,0.0,0.0,0.5757575757575758,0,0,0
0.774104238,0.5454545454545454,0.23076923076923078,0.5,0.04838709677419355,1,0,0
0.770208836,0.5309734513274336,0.13333333333333333,0.2857142857142857,0.1774193548387097,1,0,0
0.768588245,0.4516129032258065,0.05555555555555555,0.1111111111111111,0.0,1,0,0
0.768235922,0.49586776859504134,0.14285714285714285,0.3333333333333333,0.04838709677419355,1,0,0
0.767014444,0.4424778761061947,0.0625,0.14285714285714285,0.1774193548387097,1,0,0
0.558806896,0.25,0.0,0.0,0.24,0,0,0
0.558180928,0.2542372881355932,0.0,0.0,0.525,0,0,0
0.553555131,0.30000000000000004,0.0,0.0,0.3870967741935484,0,0,0
0.552644014,0.2857142857142857,0.0,0.0,0.02564102564102564,0,0,0
0.552643895,0.2857142857142857,0.0,0.0,0.02564102564102564,0,0,0
0.784888387,0.5185185185185186,0.3076923076923077,0.5714285714285714,0.10526315789473684,1,0,0
0.759555697,0.46153846153846156,0.23076923076923078,0.5,0.17543859649122806,1,0,0
0.757205725,0.4528301886792453,0.125,0.25,0.14035087719298245,1,0,0
0.756535113,0.5378151260504201,0.1875,0.3333333333333333,0.08064516129032258,1,0,0
0.750020504,0.5048543689320388,0.1875,0.3333333333333333,0.19298245614035087,1,0,0
0.716425419,0.367816091954023,0.14285714285714285,0.2222222222222222,0.29411764705882354,1,0,0
0.686970353,0.4269662921348315,0.13333333333333333,0.2,0.32075471698113206,1,0,0
0.683940768,0.3855421686746988,0.15384615384615385,0.25,0.23404255319148937,1,0,0
0.671139002,0.4545454545454546,0.09090909090909091,0.2,0.16666666666666666,1,0,0
0.671139002,0.4545454545454546,0.09090909090909091,0.2,0.16666666666666666,1,0,0
0.66762352,0.2556390977443609,0.0,0.0,0.04411764705882353,0,0,0
0.666744649,0.288135593220339,0.0,0.0,0.2647058823529412,0,0,0
0.66358912,0.2764227642276422,0.0,0.0,0.19117647058823528,0,0,0
0.662135184,0.2941176470588235,0.0,0.0,0.0,0,0,0
0.658755302,0.288135593220339,0.0,0.0,0.2647058823529412,0,0,0
0.662052631,0.3023255813953488,0.0,0.0,0.13043478260869565,0,0,0
0.659076631,0.4,0.08333333333333333,0.16666666666666666,0.25,1,0,0
0.65540421,0.4,0.08333333333333333,0.16666666666666666,0.25,1,0,0
0.653800011,0.3373493975903614,0.0,0.0,0.06976744186046512,0,0,0
0.649704397,0.4242424242424242,0.09090909090909091,0.2,0.35,1,0,0
0.610321105,0.47619047619047616,0.09090909090909091,0.16666666666666666,0.0,1,0,0
0.587968111,0.5714285714285714,0.2222222222222222,0.4,0.16666666666666666,1,1,1
0.585357428,0.5641025641025641,0.2222222222222222,0.4,0.14285714285714285,1,1,1
0.585357428,0.5641025641025641,0.2222222222222222,0.4,0.14285714285714285,1,1,1
0.571920514,0.49382716049382713,0.07692307692307693,0.125,0.07142857142857142,1,0,0
0.752678216,0.4807692307692307,0.1111111111111111,0.18181818181818182,0.0,0,0,0
0.750657439,0.4893617021276596,0.13333333333333333,0.25,0.19230769230769232,0,0,0
0.74771446,0.44680851063829785,0.125,0.2222222222222222,0.19230769230769232,0,0,0
0.745711744,0.4736842105263158,0.17647058823529413,0.2727272727272727,0.16129032258064516,0,0,0
0.742894351,0.35051546391752575,0.058823529411764705,0.1111111111111111,0.1346153846153846,0,0,0
0.695767164,0.45945945945945943,0.0,0.0,0.35555555555555557,0,0,0
0.695767164,0.45945945945945943,0.0,0.0,0.35555555555555557,0,0,0
0.691273928,0.379746835443038,0.0,0.0,0.42,0,0,0
0.686216474,0.5074626865671642,0.0,0.0,0.23684210526315788,0,0,0
0.670703769,0.4285714285714286,0.0,0.0,0.2926829268292683,0,0,0
0.717739284,0.4444444444444444,0.1111111111111111,0.2,0.4716981132075472,1,0,0
0.686003208,0.49230769230769234,0.1111111111111111,0.2,0.24324324324324326,1,0,0
0.67191726,0.5714285714285714,0.1111111111111111,0.2,0.0,1,0,0
0.638750196,0.37142857142857144,0.1,0.16666666666666666,0.3333333333333333,1,0,0
0.633656144,0.48484848484848486,0.08333333333333333,0.125,0.2631578947368421,1,1,1
0.743192255,0.45070422535211263,0.0,0.0,0.027777777777777776,0,0,0
0.737135947,0.3689320388349514,0.06666666666666667,0.1,0.4852941176470588,0,1,0
0.730306387,0.2622950819672131,0.0,0.0,0.5977011494252874,0,0,0
0.715404749,0.2857142857142857,0.0,0.0,0.5833333333333334,0,0,0
0.704641521,0.4358974358974359,0.0,0.0,0.18604651162790697,0,0,0
0.76052475,0.44999999999999996,0.0,0.0,0.2608695652173913,0,1,0
0.755395174,0.4675324675324676,0.0,0.0,0.20930232558139536,0,1,0
0.700829923,0.4044943820224719,0.0,0.0,0.38181818181818183,0,0,0
0.691467404,0.4285714285714286,0.0,0.0,0.32,0,0,0
0.676751852,0.4390243902439024,0.0,0.0,0.2916666666666667,0,0,0
0.719940126,0.4473684210526315,0.18181818181818182,0.25,0.4489795918367347,0,0,0
0.711375356,0.4363636363636364,0.1111111111111111,0.2,0.03571428571428571,1,0,0
0.701284587,0.3495145631067961,0.1111111111111111,0.13333333333333333,0.6447368421052632,0,0,0
0.700656772,0.4363636363636364,0.1111111111111111,0.2,0.03571428571428571,1,0,0
0.693639398,0.3529411764705882,0.1111111111111111,0.13333333333333333,0.64,0,0,0
0.735313475,0.4155844155844156,0.07692307692307693,0.14285714285714285,0.12195121951219512,1,0,0
0.721466422,0.41975308641975306,0.07142857142857142,0.125,0.2,1,0,0
0.716169655,0.40963855421686746,0.0625,0.1,0.23404255319148937,1,0,0
0.709982395,0.3392857142857143,0.0625,0.1,0.5263157894736842,1,0,0
0.700134814,0.4819277108433735,0.09090909090909091,0.2,0.23404255319148937,1,0,0
0.718608022,0.35593220338983056,0.0625,0.09090909090909091,0.5432098765432098,1,0,0
0.718608022,0.35593220338983056,0.0625,0.09090909090909091,0.5432098765432098,1,0,0
0.689777255,0.33333333333333337,0.0,0.0,0.2127659574468085,0,0,0
0.682177365,0.25806451612903225,0.0,0.0,0.5747126436781609,0,0,0
0.681797147,0.4137931034482759,0.09090909090909091,0.16666666666666666,0.26,1,0,0
0.725610852,0.4675324675324676,0.0,0.0,0.32608695652173914,0,0,0
0.720915556,0.5135135135135135,0.0,0.0,0.27906976744186046,0,0,0
0.669848919,0.4444444444444444,0.0,0.0,0.24390243902439024,0,0,0
0.661024511,0.39534883720930236,0.0,0.0,0.43636363636363634,0,0,0
0.660913527,0.41975308641975306,0.0,0.0,0.38,0,0,0
0.67424643,0.34545454545454546,0.0,0.0,0.10344827586206896,0,0,0
0.650813639,0.3789473684210526,0.07142857142857142,0.16666666666666666,0.17307692307692307,0,0,0
0.644036531,0.5333333333333333,0.14285714285714285,0.2857142857142857,0.018867924528301886,1,0,0
0.644036531,0.5333333333333333,0.14285714285714285,0.2857142857142857,0.018867924528301886,1,0,0
0.637905836,0.37362637362637363,0.07692307692307693,0.2,0.25,0,0,0
0.753605604,0.4347826086956522,0.16666666666666666,0.4,0.32727272727272727,1,1,1
0.753605604,0.4347826086956522,0.16666666666666666,0.4,0.32727272727272727,1,1,1
0.753605604,0.4347826086956522,0.16666666666666666,0.4,0.32727272727272727,1,1,1
0.732031703,0.4,0.07692307692307693,0.2,0.36363636363636365,1,0,0
0.729958653,0.35051546391752575,0.07142857142857142,0.16666666666666666,0.23636363636363636,1,0,0
0.723432422,0.2786885245901639,0.0,0.0,0.5977011494252874,0,0,0
0.721339345,0.3495145631067961,0.0,0.0,0.4852941176470588,0,0,0
0.716308177,0.4225352112676056,0.0,0.0,0.027777777777777776,0,0,0
0.707289159,0.5070422535211268,0.1,0.2,0.027777777777777776,0,1,0
0.706562161,0.2857142857142857,0.0,0.0,0.5833333333333334,0,0,0
0.815784216,0.47619047619047616,0.1,0.2,0.2,1,0,0
0.803120136,0.47619047619047616,0.1,0.2,0.2,1,0,0
0.732841015,0.3114754098360656,0.047619047619047616,0.0625,0.5977011494252874,1,0,0
0.672202706,0.34090909090909094,0.0,0.0,0.33962264150943394,0,0,0
0.662986279,0.37209302325581395,0.0,0.0,0.3137254901960784,0,0,0
0.660379291,0.5757575757575757,0.1111111111111111,0.2,0.11428571428571428,1,0,0
0.637355447,0.5671641791044777,0.1111111111111111,0.2,0.1388888888888889,1,0,0
0.637355447,0.5671641791044777,0.1111111111111111,0.2,0.1388888888888889,1,0,0
0.62546587,0.45238095238095233,0.1111111111111111,0.2,0.41509433962264153,1,0,0
0.62234962,0.625,0.1111111111111111,0.2,0.06060606060606061,1,0,0
0.698402107,0.65,0.18181818181818182,0.4,0.13953488372093023,1,1,1
0.698402107,0.65,0.18181818181818182,0.4,0.13953488372093023,1,1,1
0.698402107,0.65,0.18181818181818182,0.4,0.13953488372093023,1,1,1
0.643440545,0.6265060240963856,0.06666666666666667,0.125,0.06976744186046512,1,1,1
0.630376935,0.5641025641025641,0.08333333333333333,0.2,0.18604651162790697,1,0,0
0.652098715,0.5060240963855422,0.1111111111111111,0.2,0.4339622641509434,1,0,0
0.645393193,0.6268656716417911,0.1111111111111111,0.2,0.1891891891891892,1,0,0
0.641011536,0.4444444444444444,0.0,0.0,0.2857142857142857,0,0,0
0.629373312,0.5373134328358209,0.1111111111111111,0.2,0.1891891891891892,1,0,0
0.629373312,0.5373134328358209,0.1111111111111111,0.2,0.1891891891891892,1,0,0
0.729848504,0.6666666666666667,0.25,0.4,0.13513513513513514,1,1,1
0.729848504,0.6666666666666667,0.25,0.4,0.13513513513513514,1,1,1
0.729848504,0.6666666666666667,0.25,0.4,0.13513513513513514,1,1,1
0.699480355,0.6268656716417911,0.1111111111111111,0.2,0.08571428571428572,1,0,0
0.677973151,0.5882352941176471,0.1111111111111111,0.2,0.1111111111111111,1,0,0
0.519492149,0.47619047619047616,0.1,0.125,0.38461538461538464,1,0,0
0.514714479,0.47619047619047616,0.1,0.125,0.38461538461538464,1,0,0
0.511753678,0.4666666666666667,0.14285714285714285,0.2,0.3333333333333333,1,0,0
0.511753678,0.4666666666666667,0.14285714285714285,0.2,0.3333333333333333,1,0,0
0.508127689,0.2857142857142857,0.0,0.0,0.7473684210526316,0,0,0
0.65846163,0.5671641791044777,0.1111111111111111,0.2,0.1891891891891892,1,0,0
0.65846163,0.5671641791044777,0.1111111111111111,0.2,0.1891891891891892,1,0,0
0.65846163,0.5671641791044777,0.1111111111111111,0.2,0.1891891891891892,1,0,0
0.651399851,0.5454545454545454,0.1111111111111111,0.2,0.16666666666666666,1,0,0
0.651399851,0.5454545454545454,0.1111111111111111,0.2,0.16666666666666666,1,0,0
0.703146577,0.6666666666666667,0.25,0.4,0.09090909090909091,1,1,1
0.648019135,0.5846153846153845,0.1111111111111111,0.2,0.14285714285714285,1,0,0
0.647545457,0.5757575757575757,0.1111111111111111,0.2,0.16666666666666666,1,0,0
0.647545457,0.5757575757575757,0.1111111111111111,0.2,0.16666666666666666,1,0,0
0.622425377,0.45783132530120485,0.1111111111111111,0.2,0.4339622641509434,1,0,0
0.651628017,0.5060240963855422,0.1111111111111111,0.2,0.4339622641509434,1,0,0
0.647873938,0.6268656716417911,0.1111111111111111,0.2,0.1891891891891892,1,0,0
0.630604386,0.4444444444444444,0.0,0.0,0.2857142857142857,0,0,0
0.630091786,0.5507246376811594,0.08333333333333333,0.125,0.23076923076923078,1,0,0
0.627287567,0.5,0.1,0.16666666666666666,0.2857142857142857,1,0,0
0.642875075,0.6666666666666667,0.4,0.5714285714285714,0.23529411764705882,1,1,1
0.637793005,0.4782608695652174,0.09090909090909091,0.2,0.2641509433962264,1,0,0
0.626442373,0.5526315789473684,0.09090909090909091,0.2,0.05128205128205128,1,0,0
0.624606431,0.5185185185185186,0.08333333333333333,0.16666666666666666,0.07142857142857142,1,0,0
0.617518842,0.5641025641025641,0.07142857142857142,0.125,0.0,1,0,0
0.613829494,0.5405405405405406,0.07692307692307693,0.125,0.10256410256410256,1,0,0
0.603228867,0.5405405405405406,0.07692307692307693,0.125,0.10256410256410256,1,0,0
0.600322604,0.4675324675324676,0.09090909090909091,0.16666666666666666,0.16666666666666666,1,0,0
0.587635338,0.4415584415584416,0.0,0.0,0.16666666666666666,0,0,0
0.58294493,0.5833333333333333,0.1,0.2,0.05405405405405406,1,0,0
0.647651315,0.45783132530120485,0.1111111111111111,0.2,0.4339622641509434,1,0,0
0.644362152,0.5454545454545454,0.1111111111111111,0.2,0.16666666666666666,1,0,0
0.644362152,0.5454545454545454,0.1111111111111111,0.2,0.16666666666666666,1,0,0
0.629719615,0.5846153846153845,0.1111111111111111,0.2,0.14285714285714285,1,0,0
0.621360183,0.5671641791044777,0.1111111111111111,0.2,0.1891891891891892,1,0,0
0.665343046,0.5915492957746479,0.1,0.2,0.08108108108108109,1,0,0
0.648275018,0.5057471264367817,0.1,0.2,0.3584905660377358,1,0,0
0.641322434,0.5263157894736843,0.09090909090909091,0.16666666666666666,0.19047619047619047,1,0,0
0.632974863,0.5753424657534247,0.07692307692307693,0.125,0.1282051282051282,1,0,0
0.628277898,0.5753424657534247,0.07692307692307693,0.125,0.1282051282051282,1,0,0
0.710228801,0.6,0.1111111111111111,0.2,0.18181818181818182,1,0,0
0.686445355,0.4057971014492754,0.1,0.16666666666666666,0.35714285714285715,1,0,0
0.67337501,0.4727272727272728,0.1111111111111111,0.2,0.03571428571428571,1,0,0
0.67114532,0.4482758620689655,0.1111111111111111,0.2,0.12903225806451613,1,0,0
0.668287754,0.3939393939393939,0.08333333333333333,0.125,0.3076923076923077,1,0,0
0.649777293,0.6881720430107527,0.4,0.5714285714285714,0.24528301886792453,1,1,1
0.649777293,0.6881720430107527,0.4,0.5714285714285714,0.24528301886792453,1,1,1
0.639594615,0.4516129032258065,0.09090909090909091,0.2,0.24528301886792453,1,0,0
0.629458427,0.5,0.09090909090909091,0.2,0.1,1,0,0
0.629458427,0.5,0.09090909090909091,0.2,0.1,1,0,0
0.628324807,0.47619047619047616,0.2857142857142857,0.4,0.2972972972972973,1,1,1
0.628324807,0.47619047619047616,0.2857142857142857,0.4,0.2972972972972973,1,1,1
0.628324807,0.47619047619047616,0.2857142857142857,0.4,0.2972972972972973,1,1,1
0.617843986,0.4545454545454546,0.09090909090909091,0.125,0.35,1,1,1
0.598200679,0.42622950819672134,0.125,0.2,0.2571428571428571,1,0,0
0.633080542,0.48275862068965514,0.1,0.2,0.3584905660377358,1,0,0
0.628459036,0.5263157894736843,0.09090909090909091,0.16666666666666666,0.19047619047619047,1,0,0
0.626454771,0.5633802816901409,0.1,0.2,0.08108108108108109,1,0,0
0.622333765,0.547945205479452,0.07692307692307693,0.125,0.1282051282051282,1,0,0
0.619305134,0.547945205479452,0.07692307692307693,0.125,0.1282051282051282,1,0,0
0.671876788,0.5588235294117647,0.1,0.2,0.05714285714285714,1,0,0
0.642681122,0.5633802816901409,0.1,0.2,0.027777777777777776,1,0,0
0.642681122,0.5633802816901409,0.1,0.2,0.027777777777777776,1,0,0
0.639139771,0.4545454545454546,0.1,0.2,0.33962264150943394,1,0,0
0.635291696,0.5428571428571429,0.1,0.2,0.0,1,0,0
0.585459828,0.29850746268656714,0.1111111111111111,0.16666666666666666,0.4418604651162791,0,1,0
0.578532457,0.3529411764705882,0.0,0.0,0.45454545454545453,0,0,0
0.575278997,0.2571428571428571,0.1111111111111111,0.16666666666666666,0.4782608695652174,0,1,0
0.572868347,0.30379746835443033,0.0,0.0,0.5636363636363636,0,0,0
0.572361469,0.3142857142857143,0.0,0.0,0.4782608695652174,0,0,0
0.634044528,0.44036697247706424,0.08333333333333333,0.2,0.05357142857142857,1,0,0
0.627349138,0.4565217391304348,0.08333333333333333,0.2,0.35714285714285715,1,0,0
0.627349138,0.4565217391304348,0.08333333333333333,0.2,0.35714285714285715,1,0,0
0.59772861,0.43956043956043955,0.08333333333333333,0.2,0.375,1,0,0
0.596234679,0.4301075268817204,0.08333333333333333,0.2,0.3392857142857143,1,0,0
0.660030603,0.21333333333333337,0.0,0.0,0.5294117647058824,0,0,0
0.641776919,0.23188405797101452,0.0,0.0,0.4666666666666667,0,0,0
0.618803024,0.31746031746031744,0.0,0.0,0.38461538461538464,0,0,0
0.617567778,0.32835820895522383,0.0,0.0,0.4418604651162791,0,0,0
0.615045786,0.22784810126582278,0.0,0.0,0.5636363636363636,0,0,0
0.661568582,0.4545454545454546,0.1,0.2,0.33962264150943394,1,0,0
0.651271582,0.5194805194805194,0.09090909090909091,0.16666666666666666,0.16666666666666666,1,0,0
0.647621393,0.5555555555555556,0.1,0.2,0.05405405405405406,1,0,0
0.641659498,0.5070422535211268,0.1,0.2,0.027777777777777776,1,0,0
0.641659498,0.5070422535211268,0.1,0.2,0.027777777777777776,1,0,0
0.65437448,0.47619047619047616,0.1111111111111111,0.2,0.41509433962264153,1,0,0
0.635311007,0.5882352941176471,0.1111111111111111,0.2,0.16216216216216217,1,0,0
0.626063824,0.4383561643835616,0.0,0.0,0.2619047619047619,0,0,0
0.624713182,0.5074626865671642,0.1111111111111111,0.2,0.1388888888888889,1,0,0
0.624713182,0.5074626865671642,0.1111111111111111,0.2,0.1388888888888889,1,0,0
0.570091724,0.5526315789473684,0.07692307692307693,0.125,0.05128205128205128,1,0,0
0.568984926,0.4222222222222223,0.1,0.2,0.3018867924528302,1,0,0
0.566595912,0.5063291139240507,0.09090909090909091,0.16666666666666666,0.11904761904761904,1,0,0
0.565419316,0.5526315789473684,0.07692307692307693,0.125,0.05128205128205128,1,0,0
0.55340457,0.40506329113924056,0.0,0.0,0.11904761904761904,0,0,0
0.694770575,0.696969696969697,0.25,0.4,0.11428571428571428,1,1,1
0.644524693,0.6567164179104478,0.25,0.4,0.1388888888888889,1,1,1
0.644524693,0.6567164179104478,0.25,0.4,0.1388888888888889,1,1,1
0.602946401,0.5,0.1111111111111111,0.2,0.41509433962264153,1,0,0
0.598353267,0.59375,0.1111111111111111,0.2,0.06060606060606061,1,0,0
0.616171002,0.3939393939393939,0.25,0.3333333333333333,0.42857142857142855,1,1,1
0.565365911,0.3728813559322034,0.125,0.2,0.3142857142857143,1,0,0
0.55240047,0.2857142857142857,0.0,0.0,0.4782608695652174,0,0,0
0.550479293,0.22784810126582278,0.0,0.0,0.5636363636363636,0,0,0
0.547414839,0.2168674698795181,0.0,0.0,0.5932203389830508,0,0,0
0.697287083,0.5,0.3333333333333333,0.4,0.3783783783783784,1,1,1
0.697287083,0.5,0.3333333333333333,0.4,0.3783783783783784,1,1,1
0.697287083,0.5,0.3333333333333333,0.4,0.3783783783783784,1,1,1
0.657272696,0.4482758620689655,0.14285714285714285,0.2,0.34285714285714286,1,0,0
0.65692091,0.4067796610169492,0.14285714285714285,0.2,0.3611111111111111,1,0,0
0.591555834,0.5238095238095238,0.4444444444444444,0.5714285714285714,0.35294117647058826,1,1,1
0.582858562,0.31818181818181823,0.0,0.0,0.4,0,0,0
0.573666751,0.29885057471264365,0.0,0.0,0.3888888888888889,0,0,0
0.571398556,0.28260869565217395,0.0,0.0,0.4406779661016949,0,0,0
0.558330715,0.35443037974683544,0.0,0.0,0.2826086956521739,0,0,0
0.666666508,0.5384615384615384,0.125,0.2,0.14285714285714285,1,0,0
0.646656692,0.4477611940298507,0.1111111111111111,0.16666666666666666,0.4418604651162791,1,0,0
0.643031478,0.4415584415584416,0.125,0.2,0.5471698113207547,1,0,0
0.641921878,0.4,0.1,0.14285714285714285,0.5294117647058824,1,0,0
0.639508247,0.2666666666666667,0.0,0.0,0.5294117647058824,0,0,0
0.61382544,0.3373493975903614,0.0,0.0,0.4909090909090909,0,0,0
0.588477612,0.3513513513513513,0.0,0.0,0.391304347826087,0,0,0
0.58846283,0.3513513513513513,0.0,0.0,0.391304347826087,0,0,0
0.583013177,0.3076923076923077,0.0,0.0,0.44,0,0,0
0.579070449,0.29885057471264365,0.0,0.0,0.5254237288135594,0,0,0
0.631646991,0.32183908045977017,0.0,0.0,0.41818181818181815,0,0,0
0.598353267,0.3076923076923077,0.0,0.0,0.30434782608695654,0,0,0
0.598353207,0.3076923076923077,0.0,0.0,0.30434782608695654,0,0,0
0.597354293,0.33333333333333337,0.0,0.0,0.30434782608695654,0,0,0
0.596042037,0.33333333333333337,0.0,0.0,0.30434782608695654,0,0,0
0.649944484,0.28301886792452835,0.05555555555555555,0.1,0.2903225806451613,0,0,0
0.6418221,0.4,0.13333333333333333,0.25,0.4567901234567901,0,0,0
0.613989413,0.32183908045977017,0.06666666666666667,0.14285714285714285,0.022727272727272728,0,0,0
0.609097123,0.4144144144144144,0.11764705882352941,0.2,0.34328358208955223,0,0,0
0.577600002,0.29357798165137616,0.0,0.0,0.3230769230769231,0,0,0
0.541960597,0.3661971830985915,0.0,0.0,0.45652173913043476,0,0,0
0.540093541,0.3661971830985915,0.0,0.0,0.45652173913043476,0,0,0
0.53821063,0.2894736842105263,0.0,0.0,0.5098039215686274,0,0,0
0.532093883,0.25287356321839083,0.0,0.0,0.5967741935483871,0,0,0
0.527864695,0.4057971014492754,0.0,0.0,0.4318181818181818,0,0,0
0.748207211,0.30927835051546393,0.05555555555555555,0.09090909090909091,0.16981132075471697,0,0,0
0.728964269,0.31034482758620685,0.0625,0.1111111111111111,0.3888888888888889,0,0,0
0.722245812,0.3516483516483516,0.08333333333333333,0.2,0.06382978723404255,0,0,0
0.717083454,0.3370786516853933,0.07142857142857142,0.14285714285714285,0.022222222222222223,0,0,0
0.717075109,0.3168316831683168,0.058823529411764705,0.1,0.22807017543859648,0,0,0
0.664909482,0.3076923076923077,0.07692307692307693,0.16666666666666666,0.18604651162790697,0,0,0
0.661019325,0.275,0.0,0.0,0.13953488372093023,0,0,0
0.661019325,0.275,0.0,0.0,0.13953488372093023,0,0,0
0.65081358,0.3146067415730337,0.07142857142857142,0.14285714285714285,0.06521739130434782,0,0,0
0.64563185,0.44999999999999996,0.18181818181818182,0.4,0.13953488372093023,0,0,0
0.572848797,0.3561643835616438,0.0,0.0,0.2619047619047619,0,0,0
0.516200662,0.4054054054054054,0.0,0.0,0.27906976744186046,0,0,0
0.505715847,0.2807017543859649,0.0,0.0,0.16129032258064516,0,0,0
0.473864436,0.3855421686746988,0.0,0.0,0.40384615384615385,0,0,0
0.467728913,0.303030303030303,0.0,0.0,0.11428571428571428,0,0,0
0.508021355,0.38095238095238093,0.0,0.0,0.046511627906976744,0,0,0
0.496936977,0.3855421686746988,0.0,0.0,0.023809523809523808,0,0,0
0.492145479,0.38,0.0,0.0,0.3050847457627119,0,0,0
0.485122979,0.3595505617977528,0.0,0.0,0.14583333333333334,0,0,0
0.475841105,0.33333333333333337,0.0,0.0,0.046511627906976744,0,0,0
0.620302677,0.35820895522388063,0.0,0.0,0.5434782608695652,0,0,0
0.619684219,0.202247191011236,0.0,0.0,0.6911764705882353,0,0,0
0.615708053,0.26865671641791045,0.0,0.0,0.5434782608695652,0,0,0
0.613146365,0.2535211267605634,0.0,0.0,0.58,0,0,0
0.610265136,0.21978021978021978,0.0,0.0,0.7,0,0,0
0.664990604,0.326530612244898,0.1111111111111111,0.2,0.0784313725490196,0,0,0
0.662120938,0.326530612244898,0.1111111111111111,0.2,0.0784313725490196,0,0,0
0.657621443,0.323943661971831,0.13333333333333333,0.16666666666666666,0.5052631578947369,0,0,0
0.516379774,0.33009708737864074,0.0,0.0,0.16071428571428573,0,0,0
0.500725687,0.35051546391752575,0.0,0.0,0.06,0,0,0
0.553921103,0.34285714285714286,0.0,0.0,0.05555555555555555,0,0,0
0.507039905,0.2790697674418605,0.0,0.0,0.4074074074074074,0,0,0
0.50622952,0.27586206896551724,0.0,0.0,0.3888888888888889,0,0,0
0.50622952,0.27586206896551724,0.0,0.0,0.3888888888888889,0,0,0
0.50622952,0.27586206896551724,0.0,0.0,0.3888888888888889,0,0,0
0.543393314,0.31746031746031744,0.0,0.0,0.14705882352941177,0,0,0
0.526831508,0.34375,0.0,0.0,0.17142857142857143,0,0,0
0.522298932,0.2962962962962963,0.0,0.0,0.13793103448275862,0,0,0
0.519834518,0.24390243902439024,0.0,0.0,0.4528301886792453,0,0,0
0.51683259,0.31746031746031744,0.0,0.0,0.14705882352941177,0,0,0
0.20526433,0.4036697247706422,0.0,0.0,0.1206896551724138,0,0,0
0.198862553,0.40944881889763785,0.0,0.0,0.15942028985507245,0,0,0
0.175053194,0.34883720930232553,0.0,0.0,0.5172413793103449,0,0,0
0.161294281,0.3448275862068966,0.0,0.0,0.5,0,0,0
0.161294192,0.3448275862068966,0.0,0.0,0.5,0,0,0
0.401496589,0.33333333333333337,0.0,0.0,0.34782608695652173,0,0,0
0.387764901,0.3370786516853933,0.0,0.0,0.022222222222222223,0,0,0
0.385171473,0.3076923076923077,0.0,0.0,0.021739130434782608,0,0,0
0.384755731,0.3516483516483516,0.0,0.0,0.021739130434782608,0,0,0
0.384755731,0.3516483516483516,0.0,0.0,0.021739130434782608,0,0,0
0.566326499,0.3418803418803419,0.11764705882352941,0.2857142857142857,0.44,0,0,0
0.544453681,0.30508474576271183,0.11764705882352941,0.2857142857142857,0.4266666666666667,0,0,0
0.521453261,0.31496062992125984,0.11764705882352941,0.2857142857142857,0.30666666666666664,0,0,0
0.442955077,0.3589743589743589,0.1111111111111111,0.25,0.07407407407407407,0,0,0
0.437466145,0.4029850746268657,0.0,0.0,0.21333333333333335,0,0,0
0.565902591,0.3571428571428571,0.07142857142857142,0.14285714285714285,0.0,0,0,0
0.549793899,0.3764705882352941,0.07142857142857142,0.14285714285714285,0.023255813953488372,0,0,0
0.530511022,0.3076923076923077,0.058823529411764705,0.1,0.3225806451612903,0,0,0
0.518917918,0.4227642276422764,0.06666666666666667,0.125,0.48148148148148145,0,0,0
0.510505736,0.37254901960784315,0.0,0.0,0.3,0,0,0
0.656400204,0.3142857142857143,0.0,0.0,0.20512820512820512,0,0,0
0.656400204,0.3142857142857143,0.0,0.0,0.20512820512820512,0,0,0
0.656400204,0.3142857142857143,0.0,0.0,0.20512820512820512,0,0,0
0.652651548,0.2912621359223301,0.0,0.0,0.390625,0,0,0
0.650880098,0.2962962962962963,0.0,0.0,0.07142857142857142,0,0,0
0.235145196,0.2702702702702703,0.0,0.0,0.2923076923076923,0,0,0
0.229417935,0.3157894736842105,0.0,0.0,0.061224489795918366,0,0,0
0.226621434,0.2702702702702703,0.0,0.0,0.2923076923076923,0,0,0
0.226446092,0.25225225225225223,0.0,0.0,0.2923076923076923,0,0,0
0.224671587,0.30188679245283023,0.0,0.0,0.23333333333333334,0,0,0
0.554433584,0.375,0.0,0.0,0.2545454545454545,0,0,0
0.533989787,0.42352941176470593,0.0,0.0,0.06818181818181818,0,0,0
0.523788691,0.4137931034482759,0.0,0.0,0.10869565217391304,0,0,0
0.523683488,0.33644859813084116,0.0,0.0,0.3787878787878788,0,0,0
0.520760238,0.3820224719101124,0.0,0.0,0.14583333333333334,0,0,0
0.734500289,0.5517241379310345,0.23076923076923078,0.42857142857142855,0.06666666666666667,0,0,0
0.729931653,0.5681818181818181,0.23076923076923078,0.42857142857142855,0.044444444444444446,0,0,0
0.705564022,0.4380952380952381,0.25,0.5,0.25,0,0,0
0.705564022,0.4380952380952381,0.25,0.5,0.25,0,0,0
0.691454291,0.41025641025641024,0.2,0.3333333333333333,0.375,0,0,0
0.840846062,0.41666666666666663,0.07692307692307693,0.14285714285714285,0.0,1,0,0
0.835133314,0.41666666666666663,0.07692307692307693,0.14285714285714285,0.0,1,0,0
0.833110213,0.4040404040404041,0.07692307692307693,0.14285714285714285,0.058823529411764705,1,0,0
0.829569757,0.4,0.08333333333333333,0.16666666666666666,0.020833333333333332,1,0,0
0.813586652,0.4299065420560748,0.08333333333333333,0.16666666666666666,0.1864406779661017,1,0,0
0.674426913,0.44897959183673475,0.14285714285714285,0.4,0.6,1,0,0
0.648237526,0.4285714285714286,0.14285714285714285,0.4,0.6,1,0,0
0.606763959,0.2962962962962963,0.0,0.0,0.07142857142857142,0,0,0
0.606405616,0.3650793650793651,0.058823529411764705,0.14285714285714285,0.2,0,0,0
0.604239404,0.2857142857142857,0.0,0.0,0.1,0,0,0
0.712010384,0.29850746268656714,0.0,0.0,0.4418604651162791,0,0,0
0.700287938,0.2571428571428571,0.0,0.0,0.4782608695652174,0,0,0
0.697681069,0.26086956521739135,0.0,0.0,0.4666666666666667,0,0,0
0.697681069,0.26086956521739135,0.0,0.0,0.4666666666666667,0,0,0
0.696273088,0.37142857142857144,0.1111111111111111,0.2,0.4782608695652174,0,0,0
0.520319104,0.3529411764705882,0.0625,0.125,0.5145631067961165,0,0,0
0.51462841,0.3529411764705882,0.0625,0.125,0.5145631067961165,0,0,0
0.504527748,0.41509433962264153,0.06666666666666667,0.14285714285714285,0.10714285714285714,0,0,0
0.502899051,0.3380281690140845,0.0,0.0,0.45652173913043476,0,0,0
0.502703547,0.3653846153846154,0.0625,0.125,0.07407407407407407,0,0,0
0.667373359,0.28865979381443296,0.058823529411764705,0.09090909090909091,0.2982456140350877,0,0,0
0.649633646,0.2857142857142857,0.0,0.0,0.3103448275862069,0,0,0
0.648064733,0.2857142857142857,0.0,0.0,0.3103448275862069,0,0,0
0.641892433,0.3058823529411765,0.0,0.0,0.1111111111111111,0,0,0
0.641892433,0.3058823529411765,0.0,0.0,0.1111111111111111,0,0,0
0.585993528,0.32380952380952377,0.0,0.0,0.4090909090909091,0,0,0
0.583335996,0.28865979381443296,0.0,0.0,0.5303030303030303,0,0,0
0.583335996,0.28865979381443296,0.0,0.0,0.5303030303030303,0,0,0
0.583335996,0.28865979381443296,0.0,0.0,0.5303030303030303,0,0,0
0.575566709,0.24489795918367352,0.0,0.0,0.5151515151515151,0,0,0
0.234542862,0.27941176470588236,0.0,0.0,0.6796116504854369,0,0,0
0.226500466,0.33333333333333337,0.0,0.0,0.35294117647058826,0,0,0
0.20617786,0.3928571428571429,0.0,0.0,0.30303030303030304,0,0,0
0.204507351,0.3492063492063492,0.0,0.0,0.09090909090909091,0,0,0
0.198144227,0.30612244897959184,0.0,0.0,0.49230769230769234,0,0,0
0.619916022,0.4271844660194175,0.0,0.0,0.2833333333333333,0,1,0
0.61912632,0.39622641509433965,0.0,0.0,0.23333333333333334,0,1,0
0.584013939,0.34545454545454546,0.0,0.0,0.16666666666666666,0,0,0
0.582600474,0.36190476190476195,0.0,0.0,0.25,0,0,0
0.582600474,0.36190476190476195,0.0,0.0,0.25,0,0,0
0.649833739,0.22680412371134018,0.0,0.0,0.5735294117647058,0,0,0
0.618561029,0.2650602409638554,0.0,0.0,0.46296296296296297,0,0,0
0.617429078,0.2650602409638554,0.0,0.0,0.46296296296296297,0,0,0
0.616546273,0.25,0.0,0.0,0.32558139534883723,0,0,0
0.615053892,0.22018348623853212,0.0,0.0,0.6375,0,0,0
0.511600733,0.3516483516483516,0.0,0.0,0.10416666666666667,0,0,0
0.470442414,0.2931034482758621,0.0,0.0,0.29411764705882354,0,0,0
0.467775762,0.28865979381443296,0.0,0.0,0.02040816326530612,0,0,0
0.454181939,0.3529411764705882,0.0,0.0,0.1111111111111111,0,0,0
0.454148114,0.31034482758620685,0.0,0.0,0.29411764705882354,0,0,0
0.754522443,0.276595744680851,0.0,0.0,0.5538461538461539,0,0,0
0.744687796,0.31999999999999995,0.07692307692307693,0.14285714285714285,0.3695652173913043,0,0,0
0.736456096,0.33684210526315794,0.0625,0.1,0.5606060606060606,0,0,0
0.735710561,0.3466666666666667,0.07692307692307693,0.14285714285714285,0.3695652173913043,0,0,0
0.732214332,0.30927835051546393,0.0,0.0,0.5735294117647058,0,0,0
0.65257436,0.38961038961038963,0.0,0.0,0.12195121951219512,0,0,0
0.640174568,0.3370786516853933,0.0,0.0,0.32075471698113206,0,0,0
0.63525939,0.41463414634146345,0.07692307692307693,0.16666666666666666,0.21739130434782608,0,0,0
0.624527872,0.2857142857142857,0.0,0.0,0.41935483870967744,0,0,0
0.617237151,0.28,0.07142857142857142,0.14285714285714285,0.4375,0,0,0
0.740557551,0.4275862068965517,0.1111111111111111,0.25,0.06666666666666667,1,0,0
0.735479474,0.4275862068965517,0.1111111111111111,0.25,0.06666666666666667,1,0,0
0.734809399,0.47482014388489213,0.16666666666666666,0.3333333333333333,0.14666666666666667,1,0,0
0.732477963,0.4413793103448276,0.1111111111111111,0.25,0.06666666666666667,1,0,0
0.728692412,0.4964539007092199,0.21052631578947367,0.36363636363636365,0.12,1,0,0
0.735141397,0.5176470588235293,0.09090909090909091,0.2,0.2653061224489796,1,0,0
0.711465359,0.41025641025641024,0.13333333333333333,0.2,0.27941176470588236,1,1,1
0.704277396,0.5,0.09090909090909091,0.2,0.12244897959183673,1,0,0
0.704277396,0.5,0.09090909090909091,0.2,0.12244897959183673,1,0,0
0.691214561,0.3458646616541353,0.058823529411764705,0.09090909090909091,0.4166666666666667,1,0,0
0.704815388,0.4201680672268907,0.05,0.1,0.3,0,0,0
0.695481062,0.4227642276422764,0.047619047619047616,0.09090909090909091,0.24285714285714285,0,0,0
0.688421011,0.4409448818897638,0.05,0.1,0.18571428571428572,0,0,0
0.679498792,0.3870967741935484,0.047619047619047616,0.09090909090909091,0.17647058823529413,0,0,0
0.67486465,0.3589743589743589,0.0,0.0,0.32857142857142857,0,0,0
0.697883904,0.3516483516483516,0.08,0.1111111111111111,0.375,0,0,0
0.63997817,0.3188405797101449,0.0,0.0,0.02857142857142857,0,0,0
0.636376679,0.31999999999999995,0.0,0.0,0.125,0,0,0
0.614591002,0.4173913043478261,0.0,0.0,0.35714285714285715,0,0,0
0.601941228,0.3008849557522124,0.07142857142857142,0.16666666666666666,0.38571428571428573,0,0,0
0.718793869,0.5076923076923077,0.1111111111111111,0.2,0.030303030303030304,0,0,0
0.714925289,0.39639639639639634,0.0625,0.14285714285714285,0.265625,0,0,0
0.713916659,0.4375,0.11764705882352941,0.2222222222222222,0.0,0,0,0
0.71137464,0.4070796460176991,0.13333333333333333,0.2857142857142857,0.234375,0,0,0
0.711146355,0.4070796460176991,0.13333333333333333,0.2857142857142857,0.234375,0,0,0
0.773874879,0.4201680672268907,0.0625,0.2,0.25,0,0,0
0.764258325,0.4201680672268907,0.0625,0.2,0.25,0,0,0
0.705503702,0.36879432624113473,0.0625,0.2,0.0684931506849315,0,0,0
0.670913815,0.3089430894308943,0.0,0.0,0.19117647058823528,0,0,0
0.663393497,0.42944785276073616,0.043478260869565216,0.08333333333333333,0.28421052631578947,0,0,0
0.774454474,0.4590163934426229,0.1111111111111111,0.25,0.35135135135135137,0,0,0
0.771036148,0.4715447154471545,0.11764705882352941,0.2857142857142857,0.33783783783783783,0,0,0
0.769994974,0.4552845528455285,0.11764705882352941,0.2857142857142857,0.33783783783783783,0,0,0
0.766993642,0.4247787610619469,0.11764705882352941,0.2857142857142857,0.47297297297297297,0,0,0
0.758046746,0.3801652892561983,0.05555555555555555,0.14285714285714285,0.36486486486486486,0,0,0
0.785936356,0.3880597014925373,0.125,0.4,0.3855421686746988,0,0,0
0.77945745,0.3880597014925373,0.125,0.4,0.3855421686746988,0,0,0
0.686572194,0.31746031746031744,0.05555555555555555,0.16666666666666666,0.4819277108433735,0,0,0
0.686517,0.3932584269662921,0.08695652173913043,0.16666666666666666,0.12631578947368421,0,0,0
0.678702891,0.33333333333333337,0.05555555555555555,0.16666666666666666,0.4819277108433735,0,0,0
0.600239754,0.33587786259541985,0.0,0.0,0.12857142857142856,0,0,0
0.595023513,0.31999999999999995,0.0,0.0,0.046875,0,0,0
0.594612598,0.33587786259541985,0.0,0.0,0.12857142857142856,0,0,0
0.594530821,0.33644859813084116,0.0,0.0,0.2459016393442623,0,0,0
0.594121873,0.33333333333333337,0.0,0.0,0.22950819672131148,0,0,0
0.835564733,0.41600000000000004,0.1875,0.375,0.2638888888888889,0,0,0
0.809513807,0.41600000000000004,0.1875,0.375,0.2638888888888889,0,0,0
0.801258385,0.46376811594202894,0.09090909090909091,0.15384615384615385,0.08333333333333333,0,0,0
0.801258385,0.46376811594202894,0.09090909090909091,0.15384615384615385,0.08333333333333333,0,0,0
0.773842692,0.368421052631579,0.1111111111111111,0.2222222222222222,0.4166666666666667,0,0,0
0.594393849,0.40287769784172667,0.0625,0.2,0.0958904109589041,0,0,0
0.587338865,0.3666666666666667,0.0625,0.2,0.18181818181818182,0,0,0
0.58293128,0.3275862068965517,0.0,0.0,0.24242424242424243,0,0,0
0.574378788,0.3418803418803419,0.0,0.0,0.22727272727272727,0,0,0
0.568713307,0.3666666666666667,0.0625,0.2,0.18181818181818182,0,0,0
0.695828795,0.38834951456310685,0.08333333333333333,0.2,0.16071428571428573,0,0,0
0.693859935,0.3711340206185567,0.07692307692307693,0.16666666666666666,0.26785714285714285,0,0,0
0.690129995,0.38383838383838387,0.07692307692307693,0.16666666666666666,0.23214285714285715,0,0,0
0.689615905,0.3789473684210526,0.07692307692307693,0.16666666666666666,0.30357142857142855,0,0,0
0.689615905,0.3789473684210526,0.07692307692307693,0.16666666666666666,0.30357142857142855,0,0,0
0.754219174,0.33628318584070793,0.06666666666666667,0.14285714285714285,0.31343283582089554,1,0,0
0.749917448,0.33628318584070793,0.06666666666666667,0.14285714285714285,0.31343283582089554,1,0,0
0.696572483,0.4144144144144144,0.07142857142857142,0.16666666666666666,0.34328358208955223,1,0,0
0.685819864,0.39603960396039606,0.08333333333333333,0.25,0.4925373134328358,1,0,0
0.677435637,0.4036697247706422,0.07692307692307693,0.2,0.373134328358209,1,0,0
0.628035009,0.37681159420289856,0.0,0.0,0.41379310344827586,0,0,0
0.563834548,0.3464566929133859,0.0,0.0,0.5402298850574713,0,0,0
0.54611063,0.32167832167832167,0.0,0.0,0.3563218390804598,0,0,0
0.53886497,0.3026315789473685,0.0,0.0,0.25287356321839083,0,0,0
0.524203181,0.2953020134228188,0.08695652173913043,0.2,0.28735632183908044,0,0,0
0.63798964,0.4943820224719101,0.07692307692307693,0.16666666666666666,0.22,1,0,0
0.635576129,0.3913043478260869,0.0,0.0,0.16,0,0,0
0.633965492,0.5238095238095238,0.09090909090909091,0.25,0.32,1,0,0
0.631195784,0.2857142857142857,0.0,0.0,0.18,0,0,0
0.620335579,0.5,0.09090909090909091,0.25,0.08,1,0,0
0.749581099,0.34408602150537637,0.07692307692307693,0.2,0.3392857142857143,1,0,0
0.747895122,0.3877551020408163,0.15384615384615385,0.3333333333333333,0.25,1,1,1
0.743564129,0.3853211009174312,0.07692307692307693,0.2,0.05357142857142857,1,0,0
0.73411274,0.3146067415730337,0.07692307692307693,0.2,0.4107142857142857,1,0,0
0.714935482,0.34782608695652173,0.07692307692307693,0.2,0.35714285714285715,1,0,0
0.627666473,0.5826771653543308,0.1875,0.375,0.2112676056338028,1,0,0
0.613289893,0.3548387096774194,0.1111111111111111,0.2222222222222222,0.2535211267605634,1,0,0
0.600330949,0.6015037593984962,0.3125,0.5,0.1267605633802817,1,0,0
0.597953796,0.36641221374045807,0.1111111111111111,0.2222222222222222,0.15492957746478872,1,0,0
0.590907097,0.4464285714285714,0.125,0.2857142857142857,0.4225352112676056,1,0,0
0.715525746,0.4065040650406504,0.1111111111111111,0.2222222222222222,0.078125,0,0,0
0.715296566,0.43200000000000005,0.10526315789473684,0.2,0.10606060606060606,0,0,0
0.711831391,0.3739837398373984,0.10526315789473684,0.2,0.078125,0,0,0
0.707129598,0.39622641509433965,0.058823529411764705,0.14285714285714285,0.2033898305084746,0,0,0
0.706617832,0.4,0.1,0.18181818181818182,0.10606060606060606,0,0,0
0.682079554,0.3555555555555555,0.05555555555555555,0.09090909090909091,0.014705882352941176,0,0,0
0.665891886,0.37168141592920356,0.0625,0.1111111111111111,0.31343283582089554,0,0,0
0.663503289,0.3893805309734514,0.0625,0.1111111111111111,0.31343283582089554,0,0,0
0.663503289,0.3893805309734514,0.0625,0.1111111111111111,0.31343283582089554,0,0,0
0.66186291,0.3893805309734514,0.0625,0.1111111111111111,0.31343283582089554,0,0,0
0.64854753,0.4347826086956522,0.05263157894736842,0.14285714285714285,0.3088235294117647,0,0,0
0.64792037,0.4137931034482759,0.05,0.125,0.29411764705882354,0,0,0
0.646439433,0.4285714285714286,0.047619047619047616,0.1111111111111111,0.35294117647058826,0,0,0
0.645320654,0.41025641025641024,0.05263157894736842,0.14285714285714285,0.27941176470588236,0,0,0
0.645094037,0.4299065420560748,0.05263157894736842,0.14285714285714285,0.4264705882352941,0,0,0
0.756936908,0.4040404040404041,0.0,0.0,0.058823529411764705,0,0,0
0.755040646,0.4040404040404041,0.0,0.0,0.058823529411764705,0,0,0
0.75127542,0.4242424242424242,0.0,0.0,0.058823529411764705,0,0,0
0.746867478,0.4,0.0,0.0,0.2835820895522388,0,0,0
0.743566155,0.4247787610619469,0.0,0.0,0.26153846153846155,0,0,0
0.778113544,0.44999999999999996,0.14285714285714285,0.25,0.15384615384615385,0,0,0
0.757994413,0.3418803418803419,0.0625,0.1111111111111111,0.11290322580645161,0,0,0
0.757251918,0.4065040650406504,0.07692307692307693,0.16666666666666666,0.19117647058823528,0,0,0
0.756990731,0.36036036036036034,0.07692307692307693,0.16666666666666666,0.017857142857142856,0,0,0
0.754670501,0.38095238095238093,0.0625,0.1111111111111111,0.09090909090909091,0,0,0
0.718367517,0.47337278106508873,0.25,0.5714285714285714,0.5431034482758621,0,0,0
0.708668947,0.4683544303797469,0.25,0.5714285714285714,0.6379310344827587,0,0,0
0.686766863,0.46590909090909094,0.21052631578947367,0.4,0.4827586206896552,0,0,0
0.68444109,0.4114285714285715,0.21052631578947367,0.4,0.49137931034482757,0,0,0
0.672841549,0.46706586826347307,0.25,0.5714285714285714,0.5603448275862069,0,0,0
0.78192699,0.4036697247706422,0.07142857142857142,0.14285714285714285,0.1206896551724138,1,0,0
0.779508948,0.43333333333333335,0.0625,0.1111111111111111,0.06451612903225806,1,0,0
0.776000261,0.4144144144144144,0.08333333333333333,0.2,0.08620689655172414,1,0,0
0.773869395,0.375,0.0625,0.1111111111111111,0.17142857142857143,1,0,0
0.767652154,0.4112149532710281,0.06666666666666667,0.125,0.15517241379310345,1,0,0
0.692378879,0.3820224719101124,0.08333333333333333,0.2,0.43859649122807015,0,0,0
0.688359261,0.35,0.0,0.0,0.09523809523809523,0,0,0
0.686407447,0.3820224719101124,0.08333333333333333,0.2,0.43859649122807015,0,0,0
0.683592677,0.3666666666666667,0.0,0.0,0.09523809523809523,0,0,0
0.680497825,0.4375,0.07692307692307693,0.16666666666666666,0.3157894736842105,0,0,0
0.537254333,0.44897959183673475,0.08333333333333333,0.3333333333333333,0.46875,1,0,0
0.534532428,0.4,0.0625,0.14285714285714285,0.203125,1,0,0
0.532387018,0.4444444444444444,0.07692307692307693,0.25,0.453125,1,0,0
0.529593647,0.3902439024390244,0.0625,0.14285714285714285,0.078125,1,0,0
0.527505755,0.4285714285714286,0.0625,0.14285714285714285,0.25,1,0,0
0.666183352,0.28800000000000003,0.1,0.13333333333333333,0.3333333333333333,0,0,0
0.666183352,0.28800000000000003,0.1,0.13333333333333333,0.3333333333333333,0,0,0
0.66416657,0.2857142857142857,0.1,0.13333333333333333,0.34210526315789475,0,0,0
0.649796784,0.33043478260869563,0.0625,0.1,0.23076923076923078,0,0,0
0.647884727,0.27826086956521734,0.0,0.0,0.23076923076923078,0,0,0
0.815750778,0.43181818181818177,0.15789473684210525,0.25,0.14736842105263157,1,0,0
0.791470408,0.4132231404958677,0.16666666666666666,0.5,0.5061728395061729,1,0,0
0.790416598,0.3902439024390244,0.15384615384615385,0.4,0.48148148148148145,1,0,0
0.790416598,0.3902439024390244,0.15384615384615385,0.4,0.48148148148148145,1,0,0
0.790416598,0.3902439024390244,0.15384615384615385,0.4,0.48148148148148145,1,0,0
0.750802755,0.47619047619047616,0.2222222222222222,0.5,0.1896551724137931,1,0,0
0.750802755,0.47619047619047616,0.2222222222222222,0.5,0.1896551724137931,1,0,0
0.750648141,0.46464646464646464,0.18181818181818182,0.3333333333333333,0.29310344827586204,1,0,0
0.730935037,0.4464285714285714,0.15384615384615385,0.25,0.06896551724137931,1,0,0
0.708801687,0.4444444444444444,0.08333333333333333,0.16666666666666666,0.29310344827586204,0,0,0
0.758457482,0.3564356435643564,0.08333333333333333,0.2,0.6164383561643836,1,0,0
0.739141583,0.3564356435643564,0.08333333333333333,0.2,0.6164383561643836,1,0,0
0.628540158,0.37209302325581395,0.0,0.0,0.2328767123287671,0,0,0
0.607922733,0.31999999999999995,0.0,0.0,0.2876712328767123,0,0,0
0.605149269,0.27522935779816515,0.0,0.0,0.5068493150684932,0,0,0
